"week","content_type","target_keyword","url","search_intent"
"1","money guide","s9 game withdrawal","wallet/jazzcash","Primary ranking page"
"1","faq","how to use s9 game withdrawal","faq","Question intent"
"2","update","s9 game withdrawal latest update","updates","Freshness"
"2","support","Easypaisa Guide","wallet/easypaisa","Problem solving"
"3","comparison","s9 game withdrawal alternative","blog/ranking-review","Comparison intent"
"3","trust","is s9 game withdrawal safe","blog/search-intent-map","Trust intent"
"4","local","s9 game withdrawal pakistan","withdrawal/pending","Regional intent"
"4","maintenance","S9 Wallet Pakistan Help weekly check","blog/weekly-check","Update rhythm"
"5","long-tail article","s9 game withdrawal jazzcash withdrawal flow","blog/jazzcash-withdrawal-flow","Long-tail supporting page"
"5","long-tail article","s9 game withdrawal easypaisa deposit flow","blog/easypaisa-deposit-flow","Long-tail supporting page"
"6","long-tail article","s9 game withdrawal payment pending checklist","blog/payment-pending-checklist","Long-tail supporting page"
"6","long-tail article","s9 game withdrawal wallet name mismatch","blog/wallet-name-mismatch","Long-tail supporting page"
"7","long-tail article","s9 game withdrawal pakistan payment faq","blog/pakistan-payment-faq","Long-tail supporting page"
"7","long-tail article","s9 game withdrawal cashout error notes","blog/cashout-error-notes","Long-tail supporting page"
"8","weekly update","s9 game withdrawal week 01 jazzcash flow audit","updates/week-01-jazzcash-flow-audit","Freshness and maintenance page"
"8","weekly update","s9 game withdrawal week 02 easypaisa flow audit","updates/week-02-easypaisa-flow-audit","Freshness and maintenance page"
"9","weekly update","s9 game withdrawal week 03 pending cashout cases","updates/week-03-pending-cashout-cases","Freshness and maintenance page"
"9","weekly update","s9 game withdrawal week 04 deposit failure cases","updates/week-04-deposit-failure-cases","Freshness and maintenance page"
"10","weekly update","s9 game withdrawal week 05 wallet name issue","updates/week-05-wallet-name-issue","Freshness and maintenance page"
"10","weekly update","s9 game withdrawal week 06 pakistan payment faq","updates/week-06-pakistan-payment-faq","Freshness and maintenance page"
"11","weekly update","s9 game withdrawal week 07 support path review","updates/week-07-support-path-review","Freshness and maintenance page"
"11","weekly update","s9 game withdrawal week 08 payment limits note","updates/week-08-payment-limits-note","Freshness and maintenance page"
"12","weekly update","s9 game withdrawal week 09 faq rewrite","updates/week-09-faq-rewrite","Freshness and maintenance page"
"12","weekly update","s9 game withdrawal week 10 internal link pass","updates/week-10-internal-link-pass","Freshness and maintenance page"
"13","weekly update","s9 game withdrawal week 11 serp title test","updates/week-11-serp-title-test","Freshness and maintenance page"
"13","weekly update","s9 game withdrawal week 12 trust review","updates/week-12-trust-review","Freshness and maintenance page"
"sprint-2026-06-13","long-tail support","s9 game withdrawal s9 withdrawal pending after request: what to check","blog/withdrawal-pending-after-request","withdrawal support page 1"
"sprint-2026-06-13","long-tail support","s9 game withdrawal jazzcash number mismatch and account name checks","blog/jazzcash-number-mismatch","JazzCash troubleshooting page 2"
"sprint-2026-06-13","long-tail support","s9 game withdrawal easypaisa vs jazzcash withdrawal checks","blog/easypaisa-vs-jazzcash-withdrawal","payment method comparison page 3"
"register-login-2026-06-13","register-login cluster","s9 game withdrawal register wallet details before withdrawal","blog/register-wallet-details-before-withdraw","wallet registration checklist"
"register-login-2026-06-13","register-login cluster","s9 game withdrawal otp number and withdrawal number match check","blog/otp-and-withdrawal-number-match","OTP wallet match"
"register-login-2026-06-13","register-login cluster","s9 game withdrawal register bonus and wallet terms to read first","blog/register-bonus-wallet-terms","bonus wallet terms"
"account-wallet-support-2026-06-13","support cluster","s9 withdrawal support ticket checklist","blog/withdrawal-support-ticket-checklist","wallet and withdrawal"
"account-wallet-support-2026-06-13","support cluster","s9 deposit not showing after register","blog/deposit-not-showing-after-register","wallet and withdrawal"
"daily-2026-06-14","daily freshness","easypaisa withdrawal pending and register number check","blog/easypaisa-withdrawal-pending-register-number","Easypaisa pending withdrawal"
"pillar-2026-06-14","pillar hub","s9 earning withdrawal pakistan","wallet-withdrawal-hub","wallet troubleshooting authority"
"daily-2026-06-16","daily support page","jazzcash number mismatch with s9 register phone","blog/jazzcash-number-mismatch-with-register-phone","JazzCash and registered number mismatch"
"serp-intent","SERP intent page","s9 game withdrawal","blog/s9-game-withdrawal-checklist-2026-06-17/","withdrawal"
"daily-2026-06-17","long-tail intent","s9 game withdrawal pending fix","blog/s9-game-withdrawal-pending-fix-2026-06-17","daily ranking support"
"daily-2026-06-17","long-tail intent","s9 game withdrawal time check","blog/s9-game-withdrawal-time-check-2026-06-17","daily ranking support"
"daily-2026-06-17","long-tail intent","s9 game withdrawal confirmation checklist","blog/s9-game-withdrawal-checklist-2026-06-17","daily ranking support"
"daily-2026-06-18","long-tail intent","S9 Game Withdrawal and Wallet Help","blog/s9-game-withdrawal-checklist-2026-06-18/","intent"
"second-wave-longtail","Support intent page","s9 game withdrawal pending pakistan","blog/s9-withdrawal-pending-pakistan-checklist/","withdrawal pending"
"daily-2026-06-19","long-tail intent","S9 Game Withdrawal and Wallet Help","blog/s9-game-withdrawal-checklist-2026-06-19/","intent"
"serp-intent","SERP intent page","s9 game withdrawal","blog/s9-game-withdrawal-checklist-2026-06-19/","withdrawal"
"serp-intent","SERP intent page","s9 game withdrawal","blog/s9-game-withdrawal-checklist-2026-06-20/","withdrawal"
"serp-intent","SERP intent page","s9 game withdrawal","blog/s9-game-withdrawal-checklist-2026-06-24/","withdrawal"
"serp-intent","SERP intent page","s9 game withdrawal","blog/s9-game-withdrawal-checklist-2026-06-26/","withdrawal"
"competitor-response","Competitor gap response","s9 withdrawal Pakistan JazzCash Easypaisa","blog/withdrawal-competitor-gap-2026-06-28/","withdrawal"
"ranking-push","Competitor gap depth page","s9 withdrawal pending Pakistan evidence","blog/s9-withdrawal-pending-evidence-2026-06-29/","withdrawal-pending"
"ranking-push","Competitor gap depth page","s9 JazzCash withdrawal support ticket","blog/s9-jazzcash-withdrawal-support-ticket-2026-06-30/","jazzcash-support-ticket"
"ranking-push","Competitor gap depth page","s9 Easypaisa withdrawal pending Pakistan","blog/s9-easypaisa-withdrawal-pending-2026-07-01/","easypaisa-withdrawal-pending"
"ranking-push","Competitor gap depth page","s9 JazzCash deposit not received Pakistan","blog/s9-jazzcash-deposit-not-received-2026-07-02/","jazzcash-deposit-not-received"
"ranking-push","Competitor gap depth page","s9 JazzCash deposit not received Pakistan","blog/s9-jazzcash-deposit-not-received-2026-07-03/","jazzcash-deposit-not-received"
"ranking-push","Competitor intent depth","s9 game withdrawal","blog/s9-game-wallet-withdrawal-guide-2026-07-03/","s9-game-wallet-withdrawal-guide"
"ranking-push","Competitor intent depth","s9 game withdrawal","blog/s9-withdrawal-proof-indexing-check-2026-07-04/","s9-game-wallet-withdrawal-guide"
"ranking-push","Competitor intent depth","s9 game withdrawal","blog/s9-jazzcash-withdrawal-pending-checklist-2026-07-05/","s9-game-wallet-withdrawal-guide"
"ranking-push","Competitor intent depth","s9 game withdrawal","blog/s9-jazzcash-withdrawal-pending-checklist-2026-07-07/","s9-game-wallet-withdrawal-guide"
"ranking-push","Competitor intent depth","s9 game withdrawal","blog/s9-easypaisa-wallet-mismatch-correction-2026-07-09/","s9-game-wallet-withdrawal-guide"
"ranking-push","Competitor intent depth","s9 game withdrawal","blog/s9-easypaisa-wallet-mismatch-correction-2026-07-10/","s9-game-wallet-withdrawal-guide"
"ranking-push","Competitor intent depth","s9 game withdrawal","blog/s9-easypaisa-wallet-mismatch-correction-2026-07-11/","s9-game-wallet-withdrawal-guide"
"14","weekly update","s9 game JazzCash Easypaisa withdrawal","updates/week-14-wallet-cashout-flow-audit/","Freshness and troubleshooting alignment"
"15","weekly update","s9 game JazzCash Easypaisa withdrawal","updates/week-15-wallet-cashout-flow-audit/","Freshness and troubleshooting alignment"
"16","weekly update","s9 game JazzCash Easypaisa withdrawal","updates/week-16-wallet-cashout-flow-audit/","Freshness and troubleshooting alignment"

